year,zone,column,road_user,vulnerable,deaths_30d,share
2016,interurban,TOT_PEAT_MU30DF,Pedestrians,True,137,0.1061
2016,urban,TOT_PEAT_MU30DF,Pedestrians,True,252,0.4855
2017,interurban,TOT_PEAT_MU30DF,Pedestrians,True,103,0.078
2017,urban,TOT_PEAT_MU30DF,Pedestrians,True,248,0.4872
2018,interurban,TOT_PEAT_MU30DF,Pedestrians,True,149,0.1131
2018,urban,TOT_PEAT_MU30DF,Pedestrians,True,237,0.4847
2019,interurban,TOT_PEAT_MU30DF,Pedestrians,True,134,0.1084
2019,urban,TOT_PEAT_MU30DF,Pedestrians,True,247,0.4759
2020,interurban,TOT_PEAT_MU30DF,Pedestrians,True,107,0.1097
2020,urban,TOT_PEAT_MU30DF,Pedestrians,True,153,0.3873
2021,interurban,TOT_PEAT_MU30DF,Pedestrians,True,118,0.1057
2021,urban,TOT_PEAT_MU30DF,Pedestrians,True,183,0.4388
2022,interurban,TOT_PEAT_MU30DF,Pedestrians,True,135,0.106
2022,urban,TOT_PEAT_MU30DF,Pedestrians,True,213,0.4503
2023,interurban,TOT_PEAT_MU30DF,Pedestrians,True,130,0.1009
2023,urban,TOT_PEAT_MU30DF,Pedestrians,True,223,0.4305
2024,interurban,TOT_PEAT_MU30DF,Pedestrians,True,113,0.0875
2024,urban,TOT_PEAT_MU30DF,Pedestrians,True,207,0.419
2016,interurban,TOT_BICI_MU30DF,Cyclists,True,40,0.031
2016,urban,TOT_BICI_MU30DF,Cyclists,True,27,0.052
2017,interurban,TOT_BICI_MU30DF,Cyclists,True,49,0.0371
2017,urban,TOT_BICI_MU30DF,Cyclists,True,29,0.057
2018,interurban,TOT_BICI_MU30DF,Cyclists,True,43,0.0326
2018,urban,TOT_BICI_MU30DF,Cyclists,True,15,0.0307
2019,interurban,TOT_BICI_MU30DF,Cyclists,True,48,0.0388
2019,urban,TOT_BICI_MU30DF,Cyclists,True,32,0.0617
2020,interurban,TOT_BICI_MU30DF,Cyclists,True,50,0.0513
2020,urban,TOT_BICI_MU30DF,Cyclists,True,21,0.0532
2021,interurban,TOT_BICI_MU30DF,Cyclists,True,42,0.0376
2021,urban,TOT_BICI_MU30DF,Cyclists,True,21,0.0504
2022,interurban,TOT_BICI_MU30DF,Cyclists,True,60,0.0471
2022,urban,TOT_BICI_MU30DF,Cyclists,True,21,0.0444
2023,interurban,TOT_BICI_MU30DF,Cyclists,True,61,0.0474
2023,urban,TOT_BICI_MU30DF,Cyclists,True,29,0.056
2024,interurban,TOT_BICI_MU30DF,Cyclists,True,64,0.0496
2024,urban,TOT_BICI_MU30DF,Cyclists,True,26,0.0526
2016,interurban,TOT_CICLO_MU30DF,Moped riders,True,26,0.0201
2016,urban,TOT_CICLO_MU30DF,Moped riders,True,28,0.0539
2017,interurban,TOT_CICLO_MU30DF,Moped riders,True,26,0.0197
2017,urban,TOT_CICLO_MU30DF,Moped riders,True,23,0.0452
2018,interurban,TOT_CICLO_MU30DF,Moped riders,True,35,0.0266
2018,urban,TOT_CICLO_MU30DF,Moped riders,True,27,0.0552
2019,interurban,TOT_CICLO_MU30DF,Moped riders,True,27,0.0218
2019,urban,TOT_CICLO_MU30DF,Moped riders,True,22,0.0424
2020,interurban,TOT_CICLO_MU30DF,Moped riders,True,19,0.0195
2020,urban,TOT_CICLO_MU30DF,Moped riders,True,13,0.0329
2021,interurban,TOT_CICLO_MU30DF,Moped riders,True,17,0.0152
2021,urban,TOT_CICLO_MU30DF,Moped riders,True,21,0.0504
2022,interurban,TOT_CICLO_MU30DF,Moped riders,True,20,0.0157
2022,urban,TOT_CICLO_MU30DF,Moped riders,True,16,0.0338
2023,interurban,TOT_CICLO_MU30DF,Moped riders,True,13,0.0101
2023,urban,TOT_CICLO_MU30DF,Moped riders,True,17,0.0328
2024,interurban,TOT_CICLO_MU30DF,Moped riders,True,14,0.0108
2024,urban,TOT_CICLO_MU30DF,Moped riders,True,23,0.0466
2016,interurban,TOT_MOTO_MU30DF,Motorcyclists,True,234,0.1813
2016,urban,TOT_MOTO_MU30DF,Motorcyclists,True,109,0.21
2017,interurban,TOT_MOTO_MU30DF,Motorcyclists,True,251,0.19
2017,urban,TOT_MOTO_MU30DF,Motorcyclists,True,108,0.2122
2018,interurban,TOT_MOTO_MU30DF,Motorcyclists,True,241,0.183
2018,urban,TOT_MOTO_MU30DF,Motorcyclists,True,118,0.2413
2019,interurban,TOT_MOTO_MU30DF,Motorcyclists,True,291,0.2354
2019,urban,TOT_MOTO_MU30DF,Motorcyclists,True,126,0.2428
2020,interurban,TOT_MOTO_MU30DF,Motorcyclists,True,192,0.1969
2020,urban,TOT_MOTO_MU30DF,Motorcyclists,True,121,0.3063
2021,interurban,TOT_MOTO_MU30DF,Motorcyclists,True,255,0.2285
2021,urban,TOT_MOTO_MU30DF,Motorcyclists,True,102,0.2446
2022,interurban,TOT_MOTO_MU30DF,Motorcyclists,True,275,0.216
2022,urban,TOT_MOTO_MU30DF,Motorcyclists,True,126,0.2664
2023,interurban,TOT_MOTO_MU30DF,Motorcyclists,True,317,0.2461
2023,urban,TOT_MOTO_MU30DF,Motorcyclists,True,138,0.2664
2024,interurban,TOT_MOTO_MU30DF,Motorcyclists,True,323,0.2502
2024,urban,TOT_MOTO_MU30DF,Motorcyclists,True,118,0.2389
2016,interurban,TOT_VMP_MU30DF,Personal mobility vehicles,True,,
2016,urban,TOT_VMP_MU30DF,Personal mobility vehicles,True,,
2017,interurban,TOT_VMP_MU30DF,Personal mobility vehicles,True,,
2017,urban,TOT_VMP_MU30DF,Personal mobility vehicles,True,,
2018,interurban,TOT_VMP_MU30DF,Personal mobility vehicles,True,,
2018,urban,TOT_VMP_MU30DF,Personal mobility vehicles,True,,
2019,interurban,TOT_VMP_MU30DF,Personal mobility vehicles,True,,
2019,urban,TOT_VMP_MU30DF,Personal mobility vehicles,True,,
2020,interurban,TOT_VMP_MU30DF,Personal mobility vehicles,True,1,0.001
2020,urban,TOT_VMP_MU30DF,Personal mobility vehicles,True,7,0.0177
2021,interurban,TOT_VMP_MU30DF,Personal mobility vehicles,True,1,0.0009
2021,urban,TOT_VMP_MU30DF,Personal mobility vehicles,True,8,0.0192
2022,interurban,TOT_VMP_MU30DF,Personal mobility vehicles,True,1,0.0008
2022,urban,TOT_VMP_MU30DF,Personal mobility vehicles,True,7,0.0148
2023,interurban,TOT_VMP_MU30DF,Personal mobility vehicles,True,2,0.0016
2023,urban,TOT_VMP_MU30DF,Personal mobility vehicles,True,8,0.0154
2024,interurban,TOT_VMP_MU30DF,Personal mobility vehicles,True,4,0.0031
2024,urban,TOT_VMP_MU30DF,Personal mobility vehicles,True,15,0.0304
2016,interurban,TOT_TUR_MU30DF,Car occupants,False,674,0.5221
2016,urban,TOT_TUR_MU30DF,Car occupants,False,80,0.1541
2017,interurban,TOT_TUR_MU30DF,Car occupants,False,717,0.5428
2017,urban,TOT_TUR_MU30DF,Car occupants,False,82,0.1611
2018,interurban,TOT_TUR_MU30DF,Car occupants,False,663,0.5034
2018,urban,TOT_TUR_MU30DF,Car occupants,False,69,0.1411
2019,interurban,TOT_TUR_MU30DF,Car occupants,False,579,0.4684
2019,urban,TOT_TUR_MU30DF,Car occupants,False,62,0.1195
2020,interurban,TOT_TUR_MU30DF,Car occupants,False,480,0.4923
2020,urban,TOT_TUR_MU30DF,Car occupants,False,64,0.162
2021,interurban,TOT_TUR_MU30DF,Car occupants,False,545,0.4884
2021,urban,TOT_TUR_MU30DF,Car occupants,False,66,0.1583
2022,interurban,TOT_TUR_MU30DF,Car occupants,False,614,0.4823
2022,urban,TOT_TUR_MU30DF,Car occupants,False,67,0.1416
2023,interurban,TOT_TUR_MU30DF,Car occupants,False,632,0.4907
2023,urban,TOT_TUR_MU30DF,Car occupants,False,71,0.1371
2024,interurban,TOT_TUR_MU30DF,Car occupants,False,617,0.4779
2024,urban,TOT_TUR_MU30DF,Car occupants,False,81,0.164
2016,interurban,TOT_FURG_MU30DF,Van occupants,False,66,0.0511
2016,urban,TOT_FURG_MU30DF,Van occupants,False,3,0.0058
2017,interurban,TOT_FURG_MU30DF,Van occupants,False,84,0.0636
2017,urban,TOT_FURG_MU30DF,Van occupants,False,6,0.0118
2018,interurban,TOT_FURG_MU30DF,Van occupants,False,74,0.0562
2018,urban,TOT_FURG_MU30DF,Van occupants,False,7,0.0143
2019,interurban,TOT_FURG_MU30DF,Van occupants,False,74,0.0599
2019,urban,TOT_FURG_MU30DF,Van occupants,False,6,0.0116
2020,interurban,TOT_FURG_MU30DF,Van occupants,False,50,0.0513
2020,urban,TOT_FURG_MU30DF,Van occupants,False,4,0.0101
2021,interurban,TOT_FURG_MU30DF,Van occupants,False,61,0.0547
2021,urban,TOT_FURG_MU30DF,Van occupants,False,6,0.0144
2022,interurban,TOT_FURG_MU30DF,Van occupants,False,73,0.0573
2022,urban,TOT_FURG_MU30DF,Van occupants,False,6,0.0127
2023,interurban,TOT_FURG_MU30DF,Van occupants,False,48,0.0373
2023,urban,TOT_FURG_MU30DF,Van occupants,False,4,0.0077
2024,interurban,TOT_FURG_MU30DF,Van occupants,False,82,0.0635
2024,urban,TOT_FURG_MU30DF,Van occupants,False,7,0.0142
2016,interurban,TOT_CAM_MENOS3500_MU30DF,Light truck occupants (≤3.5 t),False,18,0.0139
2016,urban,TOT_CAM_MENOS3500_MU30DF,Light truck occupants (≤3.5 t),False,1,0.0019
2017,interurban,TOT_CAM_MENOS3500_MU30DF,Light truck occupants (≤3.5 t),False,7,0.0053
2017,urban,TOT_CAM_MENOS3500_MU30DF,Light truck occupants (≤3.5 t),False,1,0.002
2018,interurban,TOT_CAM_MENOS3500_MU30DF,Light truck occupants (≤3.5 t),False,11,0.0084
2018,urban,TOT_CAM_MENOS3500_MU30DF,Light truck occupants (≤3.5 t),False,1,0.002
2019,interurban,TOT_CAM_MENOS3500_MU30DF,Light truck occupants (≤3.5 t),False,6,0.0049
2019,urban,TOT_CAM_MENOS3500_MU30DF,Light truck occupants (≤3.5 t),False,0,0
2020,interurban,TOT_CAM_MENOS3500_MU30DF,Light truck occupants (≤3.5 t),False,2,0.0021
2020,urban,TOT_CAM_MENOS3500_MU30DF,Light truck occupants (≤3.5 t),False,1,0.0025
2021,interurban,TOT_CAM_MENOS3500_MU30DF,Light truck occupants (≤3.5 t),False,15,0.0134
2021,urban,TOT_CAM_MENOS3500_MU30DF,Light truck occupants (≤3.5 t),False,1,0.0024
2022,interurban,TOT_CAM_MENOS3500_MU30DF,Light truck occupants (≤3.5 t),False,16,0.0126
2022,urban,TOT_CAM_MENOS3500_MU30DF,Light truck occupants (≤3.5 t),False,3,0.0063
2023,interurban,TOT_CAM_MENOS3500_MU30DF,Light truck occupants (≤3.5 t),False,8,0.0062
2023,urban,TOT_CAM_MENOS3500_MU30DF,Light truck occupants (≤3.5 t),False,3,0.0058
2024,interurban,TOT_CAM_MENOS3500_MU30DF,Light truck occupants (≤3.5 t),False,13,0.0101
2024,urban,TOT_CAM_MENOS3500_MU30DF,Light truck occupants (≤3.5 t),False,0,0
2016,interurban,TOT_CAM_MAS3500_MU30DF,Heavy truck occupants (>3.5 t),False,50,0.0387
2016,urban,TOT_CAM_MAS3500_MU30DF,Heavy truck occupants (>3.5 t),False,5,0.0096
2017,interurban,TOT_CAM_MAS3500_MU30DF,Heavy truck occupants (>3.5 t),False,55,0.0416
2017,urban,TOT_CAM_MAS3500_MU30DF,Heavy truck occupants (>3.5 t),False,2,0.0039
2018,interurban,TOT_CAM_MAS3500_MU30DF,Heavy truck occupants (>3.5 t),False,55,0.0418
2018,urban,TOT_CAM_MAS3500_MU30DF,Heavy truck occupants (>3.5 t),False,3,0.0061
2019,interurban,TOT_CAM_MAS3500_MU30DF,Heavy truck occupants (>3.5 t),False,53,0.0429
2019,urban,TOT_CAM_MAS3500_MU30DF,Heavy truck occupants (>3.5 t),False,2,0.0039
2020,interurban,TOT_CAM_MAS3500_MU30DF,Heavy truck occupants (>3.5 t),False,44,0.0451
2020,urban,TOT_CAM_MAS3500_MU30DF,Heavy truck occupants (>3.5 t),False,1,0.0025
2021,interurban,TOT_CAM_MAS3500_MU30DF,Heavy truck occupants (>3.5 t),False,33,0.0296
2021,urban,TOT_CAM_MAS3500_MU30DF,Heavy truck occupants (>3.5 t),False,0,0
2022,interurban,TOT_CAM_MAS3500_MU30DF,Heavy truck occupants (>3.5 t),False,50,0.0393
2022,urban,TOT_CAM_MAS3500_MU30DF,Heavy truck occupants (>3.5 t),False,1,0.0021
2023,interurban,TOT_CAM_MAS3500_MU30DF,Heavy truck occupants (>3.5 t),False,40,0.0311
2023,urban,TOT_CAM_MAS3500_MU30DF,Heavy truck occupants (>3.5 t),False,2,0.0039
2024,interurban,TOT_CAM_MAS3500_MU30DF,Heavy truck occupants (>3.5 t),False,36,0.0279
2024,urban,TOT_CAM_MAS3500_MU30DF,Heavy truck occupants (>3.5 t),False,3,0.0061
2016,interurban,TOT_BUS_MU30DF,Bus occupants,False,18,0.0139
2016,urban,TOT_BUS_MU30DF,Bus occupants,False,3,0.0058
2017,interurban,TOT_BUS_MU30DF,Bus occupants,False,2,0.0015
2017,urban,TOT_BUS_MU30DF,Bus occupants,False,1,0.002
2018,interurban,TOT_BUS_MU30DF,Bus occupants,False,11,0.0084
2018,urban,TOT_BUS_MU30DF,Bus occupants,False,1,0.002
2019,interurban,TOT_BUS_MU30DF,Bus occupants,False,1,0.0008
2019,urban,TOT_BUS_MU30DF,Bus occupants,False,2,0.0039
2020,interurban,TOT_BUS_MU30DF,Bus occupants,False,1,0.001
2020,urban,TOT_BUS_MU30DF,Bus occupants,False,2,0.0051
2021,interurban,TOT_BUS_MU30DF,Bus occupants,False,1,0.0009
2021,urban,TOT_BUS_MU30DF,Bus occupants,False,4,0.0096
2022,interurban,TOT_BUS_MU30DF,Bus occupants,False,11,0.0086
2022,urban,TOT_BUS_MU30DF,Bus occupants,False,2,0.0042
2023,interurban,TOT_BUS_MU30DF,Bus occupants,False,2,0.0016
2023,urban,TOT_BUS_MU30DF,Bus occupants,False,4,0.0077
2024,interurban,TOT_BUS_MU30DF,Bus occupants,False,2,0.0015
2024,urban,TOT_BUS_MU30DF,Bus occupants,False,4,0.0081
2016,interurban,TOT_OTRO_MU30DF,Other vehicles,False,27,0.0209
2016,urban,TOT_OTRO_MU30DF,Other vehicles,False,8,0.0154
2017,interurban,TOT_OTRO_MU30DF,Other vehicles,False,27,0.0204
2017,urban,TOT_OTRO_MU30DF,Other vehicles,False,9,0.0177
2018,interurban,TOT_OTRO_MU30DF,Other vehicles,False,35,0.0266
2018,urban,TOT_OTRO_MU30DF,Other vehicles,False,10,0.0204
2019,interurban,TOT_OTRO_MU30DF,Other vehicles,False,21,0.017
2019,urban,TOT_OTRO_MU30DF,Other vehicles,False,16,0.0308
2020,interurban,TOT_OTRO_MU30DF,Other vehicles,False,28,0.0287
2020,urban,TOT_OTRO_MU30DF,Other vehicles,False,7,0.0177
2021,interurban,TOT_OTRO_MU30DF,Other vehicles,False,28,0.0251
2021,urban,TOT_OTRO_MU30DF,Other vehicles,False,5,0.012
2022,interurban,TOT_OTRO_MU30DF,Other vehicles,False,18,0.0141
2022,urban,TOT_OTRO_MU30DF,Other vehicles,False,11,0.0233
2023,interurban,TOT_OTRO_MU30DF,Other vehicles,False,34,0.0264
2023,urban,TOT_OTRO_MU30DF,Other vehicles,False,19,0.0367
2024,interurban,TOT_OTRO_MU30DF,Other vehicles,False,22,0.017
2024,urban,TOT_OTRO_MU30DF,Other vehicles,False,9,0.0182
2016,interurban,TOT_SINESPECIF_MU30DF,Unspecified vehicle,False,1,0.0008
2016,urban,TOT_SINESPECIF_MU30DF,Unspecified vehicle,False,3,0.0058
2017,interurban,TOT_SINESPECIF_MU30DF,Unspecified vehicle,False,0,0
2017,urban,TOT_SINESPECIF_MU30DF,Unspecified vehicle,False,0,0
2018,interurban,TOT_SINESPECIF_MU30DF,Unspecified vehicle,False,0,0
2018,urban,TOT_SINESPECIF_MU30DF,Unspecified vehicle,False,1,0.002
2019,interurban,TOT_SINESPECIF_MU30DF,Unspecified vehicle,False,2,0.0016
2019,urban,TOT_SINESPECIF_MU30DF,Unspecified vehicle,False,4,0.0077
2020,interurban,TOT_SINESPECIF_MU30DF,Unspecified vehicle,False,1,0.001
2020,urban,TOT_SINESPECIF_MU30DF,Unspecified vehicle,False,1,0.0025
2021,interurban,TOT_SINESPECIF_MU30DF,Unspecified vehicle,False,0,0
2021,urban,TOT_SINESPECIF_MU30DF,Unspecified vehicle,False,0,0
2022,interurban,TOT_SINESPECIF_MU30DF,Unspecified vehicle,False,0,0
2022,urban,TOT_SINESPECIF_MU30DF,Unspecified vehicle,False,0,0
2023,interurban,TOT_SINESPECIF_MU30DF,Unspecified vehicle,False,1,0.0008
2023,urban,TOT_SINESPECIF_MU30DF,Unspecified vehicle,False,0,0
2024,interurban,TOT_SINESPECIF_MU30DF,Unspecified vehicle,False,1,0.0008
2024,urban,TOT_SINESPECIF_MU30DF,Unspecified vehicle,False,1,0.002
