period,deaths,fitted_main,counterfactual_main,post,fitted_linear,counterfactual_linear
2000-01-01,462,450.3251483,450.3251483,False,464.3323979,464.3323979
2000-02-01,394,402.4130842,402.4130842,False,414.2239131,414.2239131
2000-03-01,440,448.5266124,448.5266124,False,460.9070459,460.9070459
2000-04-01,455,441.1736952,441.1736952,False,452.5833407,452.5833407
2000-05-01,450,457.7282966,457.7282966,False,468.7726873,468.7726873
2000-06-01,468,495.3832736,495.3832736,False,506.481073,506.481073
2000-07-01,623,563.2360906,563.2360906,False,578.2650024,578.2650024
2000-08-01,544,563.0587975,563.0587975,False,577.2719443,577.2719443
2000-09-01,491,479.0817569,479.0817569,False,490.1976075,490.1976075
2000-10-01,502,484.8536199,484.8536199,False,495.118142,495.118142
2000-11-01,457,446.1806754,446.1806754,False,454.7234871,454.7234871
2000-12-01,490,483.5501819,483.5501819,False,491.9289248,491.9289248
2001-01-01,403,438.0418328,438.0418328,False,442.4112827,442.4112827
2001-02-01,413,391.4366444,391.4366444,False,394.6684176,394.6684176
2001-03-01,418,436.2923548,436.2923548,False,439.1476414,439.1476414
2001-04-01,422,429.1399998,429.1399998,False,431.2168981,431.2168981
2001-05-01,442,445.2430488,445.2430488,False,446.6419462,446.6419462
2001-06-01,487,481.870928,481.870928,False,482.5701204,482.5701204
2001-07-01,525,547.8729544,547.8729544,False,550.9651332,550.9651332
2001-08-01,576,547.7004972,547.7004972,False,550.0189573,550.0189573
2001-09-01,453,466.0140604,466.0140604,False,467.0553968,467.0553968
2001-10-01,432,471.6284869,471.6284869,False,471.7436329,471.7436329
2001-11-01,459,434.0104068,434.0104068,False,433.2560082,433.2560082
2001-12-01,487,470.3606022,470.3606022,False,468.7049786,468.7049786
2002-01-01,472,426.0935638,426.0935638,False,421.5250625,421.5250625
2002-02-01,377,380.7596041,380.7596041,False,376.0361363,376.0361363
2002-03-01,429,424.3918055,424.3918055,False,418.4154976,418.4154976
2002-04-01,360,417.4345421,417.4345421,False,410.8591644,410.8591644
2002-05-01,406,433.0983554,433.0983554,False,425.5559965,425.5559965
2002-06-01,471,468.7271526,468.7271526,False,459.788003,459.788003
2002-07-01,505,532.9288715,532.9288715,False,524.9540898,524.9540898
2002-08-01,558,532.7611184,532.7611184,False,524.0525828,524.0525828
2002-09-01,437,453.3028056,453.3028056,False,445.0057289,445.0057289
2002-10-01,448,458.7640899,458.7640899,False,449.4726336,449.4726336
2002-11-01,435,422.1721012,422.1721012,False,412.8020082,412.8020082
2002-12-01,449,457.5307887,457.5307887,False,446.577434,446.577434
2003-01-01,407,414.4712023,414.4712023,False,401.62488,401.62488
2003-02-01,380,370.3737965,370.3737965,False,358.2834843,358.2834843
2003-03-01,398,412.8158621,412.8158621,False,398.6621176,398.6621176
2003-04-01,410,406.0483688,406.0483688,False,391.4625186,391.4625186
2003-05-01,395,421.2849274,421.2849274,False,405.4655138,405.4655138
2003-06-01,490,455.9418939,455.9418939,False,438.0814286,438.0814286
2003-07-01,524,518.3924117,518.3924117,False,500.1710268,500.1710268
2003-08-01,595,518.2292342,518.2292342,False,499.3120799,499.3120799
2003-09-01,444,439.0096877,439.0096877,False,423.997025,423.997025
2003-10-01,435,442.3554915,442.3554915,False,428.2530473,428.2530473
2003-11-01,453,405.2918284,405.2918284,False,393.3136408,393.3136408
2003-12-01,468,437.3155822,437.3155822,False,425.49453,425.49453
2004-01-01,373,394.4257853,394.4257853,False,382.6641844,382.6641844
2004-02-01,335,350.9194997,350.9194997,False,341.3689344,341.3689344
2004-03-01,361,389.4215085,389.4215085,False,379.8412939,379.8412939
2004-04-01,388,381.3621953,381.3621953,False,372.9815876,372.9815876
2004-05-01,400,393.9418321,393.9418321,False,386.323502,386.323502
2004-06-01,428,424.4846481,424.4846481,False,417.3996206,417.3996206
2004-07-01,459,480.5155374,480.5155374,False,476.5579712,476.5579712
2004-08-01,459,478.2632584,478.2632584,False,475.7395752,475.7395752
2004-09-01,364,405.1531443,405.1531443,False,403.9801412,403.9801412
2004-10-01,455,408.2409188,408.2409188,False,408.0352369,408.0352369
2004-11-01,345,374.0356153,374.0356153,False,374.7453184,374.7453184
2004-12-01,374,403.5896887,403.5896887,False,405.4069491,405.4069491
2005-01-01,344,364.0075643,364.0075643,False,364.5986225,364.5986225
2005-02-01,341,323.8564949,323.8564949,False,325.2529197,325.2529197
2005-03-01,365,359.3892186,359.3892186,False,361.9090005,361.9090005
2005-04-01,340,351.9514417,351.9514417,False,355.3731408,355.3731408
2005-05-01,372,363.5609337,363.5609337,False,368.0851839,368.0851839
2005-06-01,402,391.7482796,391.7482796,False,397.6942001,397.6942001
2005-07-01,443,443.4580519,443.4580519,False,454.0596872,454.0596872
2005-08-01,414,441.3794693,441.3794693,False,453.2799276,453.2799276
2005-09-01,363,373.9076265,373.9076265,False,384.9082538,384.9082538
2005-10-01,372,376.757271,376.757271,False,388.7719086,388.7719086
2005-11-01,324,345.1898896,345.1898896,False,357.0536059,357.0536059
2005-12-01,362,372.464745,372.464745,False,386.2677021,386.2677021
2006-01-01,375,335.9352045,335.9352045,False,347.3859351,347.3859351
2006-02-01,282,298.8805963,298.8805963,False,309.8977415,309.8977415
2006-03-01,339,331.6730269,331.6730269,False,344.8232901,344.8232901
2006-04-01,368,324.8088533,324.8088533,False,338.5959881,338.5959881
2006-05-01,367,335.5230182,335.5230182,False,350.7078961,350.7078961
2006-06-01,352,361.5365485,361.5365485,False,378.9190717,378.9190717
2006-07-01,380,380.287816,409.2584495,True,380.8862993,432.6235463
2006-08-01,331,380.7955763,407.3401677,True,381.5375683,431.8805991
2006-09-01,350,324.53683,345.0717713,True,325.0996169,366.7367495
2006-10-01,317,328.9888724,347.7016505,True,329.490217,370.4180013
2006-11-01,319,303.2477123,318.5687538,True,303.647343,340.1971185
2006-12-01,324,329.1884112,343.7401652,True,329.6194815,368.0320183
2007-01-01,286,298.6996987,310.0277926,True,297.4576351,330.9858581
2007-02-01,264,267.3602798,275.8308455,True,266.268453,295.2674807
2007-03-01,351,298.4896112,306.0943152,True,297.294113,328.5441954
2007-04-01,303,294.0809038,299.7595085,True,292.9273617,322.6108841
2007-05-01,324,305.6195879,309.6473941,True,304.4472743,334.1509894
2007-06-01,313,331.3072758,333.6547541,True,330.0664825,361.0303165
2007-07-01,385,377.3082666,377.6963294,True,378.14079,412.1994048
2007-08-01,363,377.8120486,375.9259861,True,378.7873645,411.4915321
2007-09-01,361,321.9940888,318.4597449,True,322.7562299,349.4231212
2007-10-01,337,326.4112495,320.8868071,True,327.1151816,352.9305812
2007-11-01,239,300.871771,294.0006472,True,301.4585885,324.1364252
