period,group,deaths,fitted_long,counterfactual_long,post,fitted_main,counterfactual_main,group_label
2016-01-01,conventional,67,66.37753544,66.37753544,False,65.74941307,65.74941307,Conventional roads
2016-02-01,conventional,67,66.11106465,66.11106465,False,68.74118272,68.74118272,Conventional roads
2016-03-01,conventional,67,73.00641282,73.00641282,False,75.45207464,75.45207464,Conventional roads
2016-04-01,conventional,74,70.62477326,70.62477326,False,67.96303497,67.96303497,Conventional roads
2016-05-01,conventional,74,73.92242804,73.92242804,False,69.6480689,69.6480689,Conventional roads
2016-06-01,conventional,69,83.72379087,83.72379087,False,81.81775835,81.81775835,Conventional roads
2016-07-01,conventional,110,99.53299634,99.53299634,False,99.79145355,99.79145355,Conventional roads
2016-08-01,conventional,99,93.57503529,93.57503529,False,93.42576984,93.42576984,Conventional roads
2016-09-01,conventional,70,85.42664739,85.42664739,False,81.44330637,81.44330637,Conventional roads
2016-10-01,conventional,70,86.82852058,86.82852058,False,88.74512004,88.74512004,Conventional roads
2016-11-01,conventional,74,72.28408625,72.28408625,False,74.1414927,74.1414927,Conventional roads
2016-12-01,conventional,74,80.43247416,80.43247416,False,78.4476905,78.4476905,Conventional roads
2017-01-01,conventional,70,66.4879662,66.4879662,False,66.29289196,66.29289196,Conventional roads
2017-02-01,conventional,71,66.22105209,66.22105209,False,69.30939131,69.30939131,Conventional roads
2017-03-01,conventional,71,73.1278719,73.1278719,False,76.07575488,76.07575488,Conventional roads
2017-04-01,conventional,83,70.74227005,70.74227005,False,68.52481146,68.52481146,Conventional roads
2017-05-01,conventional,71,74.04541107,74.04541107,False,70.22377373,70.22377373,Conventional roads
2017-06-01,conventional,93,83.86308019,83.86308019,False,82.49405678,82.49405678,Conventional roads
2017-07-01,conventional,90,99.69858707,99.69858707,False,100.616321,100.616321,Conventional roads
2017-08-01,conventional,83,93.7307139,93.7307139,False,94.19801907,94.19801907,Conventional roads
2017-09-01,conventional,86,85.56876972,85.56876972,False,82.11650961,82.11650961,Conventional roads
2017-10-01,conventional,100,86.97297517,86.97297517,False,89.47867943,89.47867943,Conventional roads
2017-11-01,conventional,81,72.40434361,72.40434361,False,74.75433978,74.75433978,Conventional roads
2017-12-01,conventional,89,80.56628779,80.56628779,False,79.09613224,79.09613224,Conventional roads
2018-01-01,conventional,74,66.59858068,66.59858068,False,66.84086319,66.84086319,Conventional roads
2018-02-01,conventional,64,66.33122251,66.33122251,False,69.88229667,69.88229667,Conventional roads
2018-03-01,conventional,66,73.24953304,73.24953304,False,76.7045904,76.7045904,Conventional roads
2018-04-01,conventional,58,70.85996232,70.85996232,False,69.09123155,69.09123155,Conventional roads
2018-05-01,conventional,69,74.16859869,74.16859869,False,70.80423729,70.80423729,Conventional roads
2018-06-01,conventional,88,84.00260125,84.00260125,False,83.17594542,83.17594542,Conventional roads
2018-07-01,conventional,101,99.8644533,99.8644533,False,101.4480067,101.4480067,Conventional roads
2018-08-01,conventional,106,93.88665151,93.88665151,False,94.97665164,94.97665164,Conventional roads
2018-09-01,conventional,88,85.71112849,85.71112849,False,82.79527748,82.79527748,Conventional roads
2018-10-01,conventional,97,87.11767008,87.11767008,False,90.21830236,90.21830236,Conventional roads
2018-11-01,conventional,75,72.52480103,72.52480103,False,75.3722526,75.3722526,Conventional roads
2018-12-01,conventional,73,80.70032405,80.70032405,False,79.74993394,79.74993394,Conventional roads
2019-01-01,conventional,65,66.70937919,66.70937919,False,67.39336391,67.39336391,Conventional roads
2019-02-01,conventional,72,60.7313875,71.81923726,True,64.18972269,73.89423383,Conventional roads
2019-03-01,conventional,82,67.06563827,79.30994474,True,70.45627607,81.10819491,Conventional roads
2019-04-01,conventional,65,64.87780063,76.72266926,True,63.46309731,73.05775373,Conventional roads
2019-05-01,conventional,67,67.90711428,80.3050507,True,65.03656253,74.869103,Conventional roads
2019-06-01,conventional,57,76.91090762,90.95268444,True,76.40047803,87.95106992,Conventional roads
2019-07-01,conventional,93,91.43366548,108.126891,True,93.18410706,107.2721288,Conventional roads
2019-08-01,conventional,81,85.96052353,101.6545067,True,87.23990511,100.4292538,Conventional roads
2019-09-01,conventional,71,78.47519705,92.80256928,True,76.05081909,87.54854786,Conventional roads
2019-10-01,conventional,85,79.76299515,94.32548324,True,82.86916838,95.39772801,Conventional roads
2019-11-01,conventional,71,66.40208981,78.52525093,True,69.23246979,79.69936771,Conventional roads
2019-12-01,conventional,71,73.8874163,87.37718831,True,73.25354758,84.32837139,Conventional roads
2020-01-01,conventional,59,61.07761932,72.22868131,True,61.90353705,71.26241165,Conventional roads
2020-02-01,conventional,74,60.83242489,71.93872125,True,64.72030931,74.5050371,Conventional roads
2020-03-01,conventional,36,31.98662207,37.82648305,True,,,Conventional roads
2020-04-01,conventional,19,30.94314381,36.5924949,True,,,Conventional roads
2020-05-01,conventional,34,32.38795987,38.30109388,True,,,Conventional roads
2020-06-01,conventional,43,36.68227425,43.37942975,True,,,Conventional roads
2020-07-01,conventional,93,80.62697849,95.34720572,True,,,Conventional roads
2020-08-01,conventional,68,75.80071569,89.63980256,True,,,Conventional roads
2020-09-01,conventional,80,69.20009157,81.83408942,True,,,Conventional roads
2020-10-01,conventional,83,70.33568282,83.17700781,True,,,Conventional roads
2020-11-01,conventional,47,58.55392364,69.24422951,True,,,Conventional roads
2020-12-01,conventional,72,65.15454775,77.04994265,True,,,Conventional roads
2021-01-01,conventional,31,53.85876058,63.69186123,True,,,Conventional roads
2021-02-01,conventional,43,53.64254607,63.43617201,True,,,Conventional roads
2021-03-01,conventional,62,59.23743453,70.05253033,True,,,Conventional roads
2021-04-01,conventional,52,57.30497117,67.76725331,True,,,Conventional roads
2021-05-01,conventional,73,59.98068966,70.93148303,True,,,Conventional roads
2021-06-01,conventional,83,67.93351964,80.33627694,True,,,Conventional roads
2021-07-01,conventional,75,80.76111571,95.50583265,True,,,Conventional roads
2021-08-01,conventional,63,75.92682358,89.78893421,True,,,Conventional roads
2021-09-01,conventional,81,69.31521815,81.97023489,True,,,Conventional roads
2021-10-01,conventional,80,70.45269866,83.31538746,True,,,Conventional roads
2021-11-01,conventional,48,58.65133844,69.35942952,True,,,Conventional roads
2021-12-01,conventional,58,65.26294386,77.17812885,True,,,Conventional roads
2022-01-01,conventional,67,61.2810152,72.46921158,True,,,Conventional roads
2022-02-01,conventional,59,61.03500425,72.17828592,True,,,Conventional roads
2022-03-01,conventional,48,67.40092208,79.70644199,True,,,Conventional roads
2022-04-01,conventional,80,65.2021467,77.10623183,True,,,Conventional roads
2022-05-01,conventional,70,68.24660492,80.70652281,True,,,Conventional roads
2022-06-01,conventional,68,77.29541127,91.40738767,True,,,Conventional roads
2022-07-01,conventional,103,91.89077331,108.6674539,True,,,Conventional roads
2022-08-01,conventional,83,86.39026927,102.1627119,True,,,Conventional roads
2022-09-01,conventional,70,78.86752111,93.26652072,True,,,Conventional roads
2022-10-01,conventional,72,80.16175735,94.79704824,True,,,Conventional roads
2022-11-01,conventional,72,66.73405632,78.91782522,True,,,Conventional roads
2022-12-01,conventional,87,74.25680449,87.81401643,True,,,Conventional roads
2023-01-01,conventional,61,61.382967,72.58977692,True,,,Conventional roads
2023-02-01,conventional,58,61.13654677,72.29836726,True,,,Conventional roads
2023-03-01,conventional,55,67.51305543,79.83904774,True,,,Conventional roads
2023-04-01,conventional,82,65.310622,77.23451168,True,,,Conventional roads
2023-05-01,conventional,72,68.36014521,80.84079238,True,,,Conventional roads
2023-06-01,conventional,72,77.42400585,91.55946002,True,,,Conventional roads
2023-07-01,conventional,81,92.04364985,108.8482414,True,,,Conventional roads
2023-08-01,conventional,90,86.53399475,102.3326777,True,,,Conventional roads
2023-09-01,conventional,69,78.99873117,93.42168606,True,,,Conventional roads
2023-10-01,conventional,79,80.2951206,94.95475988,True,,,Conventional roads
2023-11-01,conventional,77,66.84508022,79.04911897,True,,,Conventional roads
2023-12-01,conventional,80,74.38034381,87.96011057,True,,,Conventional roads
2024-01-01,conventional,73,61.48508841,72.71054285,True,,,Conventional roads
2024-02-01,conventional,55,61.23825822,72.41864837,True,,,Conventional roads
2024-03-01,conventional,65,67.62537533,79.97187411,True,,,Conventional roads
2024-04-01,conventional,62,65.41927776,77.36300494,True,,,Conventional roads
2024-05-01,conventional,68,68.47387439,80.97528533,True,,,Conventional roads
2024-06-01,conventional,64,77.55281436,91.71178536,True,,,Conventional roads
2024-07-01,conventional,87,92.19678073,109.0293297,True,,,Conventional roads
2024-08-01,conventional,105,86.67795935,102.5029262,True,,,Conventional roads
2024-09-01,conventional,82,79.13015952,93.57710955,True,,,Conventional roads
2024-10-01,conventional,71,80.42870573,95.11273391,True,,,Conventional roads
2024-11-01,conventional,64,66.95628882,79.18063116,True,,,Conventional roads
2024-12-01,conventional,77,74.50408865,88.10644776,True,,,Conventional roads
2016-01-01,motorway_dual,24,22.38285872,22.38285872,False,22.17105251,22.17105251,Motorways and dual carriageways
2016-02-01,motorway_dual,24,22.29300335,22.29300335,False,23.17989318,23.17989318,Motorways and dual carriageways
2016-03-01,motorway_dual,38,24.61815151,24.61815151,False,25.4428417,25.4428417,Motorways and dual carriageways
2016-04-01,motorway_dual,22,23.81504995,23.81504995,False,22.91749761,22.91749761,Motorways and dual carriageways
2016-05-01,motorway_dual,18,24.92703672,24.92703672,False,23.48570003,23.48570003,Motorways and dual carriageways
2016-06-01,motorway_dual,30,28.2321085,28.2321085,False,27.58938418,27.58938418,Motorways and dual carriageways
2016-07-01,motorway_dual,30,33.56305685,33.56305685,False,33.65021,33.65021,Motorways and dual carriageways
2016-08-01,motorway_dual,43,31.55400063,31.55400063,False,31.50366752,31.50366752,Motorways and dual carriageways
2016-09-01,motorway_dual,33,28.8063208,28.8063208,False,27.46311698,27.46311698,Motorways and dual carriageways
2016-10-01,motorway_dual,29,29.27903991,29.27903991,False,29.92532746,29.92532746,Motorways and dual carriageways
2016-11-01,motorway_dual,22,24.37457914,24.37457914,False,25.00090649,25.00090649,Motorways and dual carriageways
2016-12-01,motorway_dual,19,27.12225897,27.12225897,False,26.45297934,26.45297934,Motorways and dual carriageways
2017-01-01,motorway_dual,11,22.42009656,22.42009656,False,22.35431649,22.35431649,Motorways and dual carriageways
2017-02-01,motorway_dual,26,22.3300917,22.3300917,False,23.37149615,23.37149615,Motorways and dual carriageways
2017-03-01,motorway_dual,27,24.65910815,24.65910815,False,25.65315,25.65315,Motorways and dual carriageways
2017-04-01,motorway_dual,17,23.8546705,23.8546705,False,23.10693164,23.10693164,Motorways and dual carriageways
2017-05-01,motorway_dual,21,24.96850725,24.96850725,False,23.67983077,23.67983077,Motorways and dual carriageways
2017-06-01,motorway_dual,39,28.2790776,28.2790776,False,27.81743561,27.81743561,Motorways and dual carriageways
2017-07-01,motorway_dual,35,33.61889492,33.61889492,False,33.92835968,33.92835968,Motorways and dual carriageways
2017-08-01,motorway_dual,21,31.60649628,31.60649628,False,31.76407408,31.76407408,Motorways and dual carriageways
2017-09-01,motorway_dual,25,28.8542452,28.8542452,False,27.69012469,27.69012469,Motorways and dual carriageways
2017-10-01,motorway_dual,40,29.32775077,29.32775077,False,30.1726876,30.1726876,Motorways and dual carriageways
2017-11-01,motorway_dual,26,24.41513056,24.41513056,False,25.20756179,25.20756179,Motorways and dual carriageways
2017-12-01,motorway_dual,24,27.16738164,27.16738164,False,26.67163735,26.67163735,Motorways and dual carriageways
2018-01-01,motorway_dual,31,22.45739636,22.45739636,False,22.53909531,22.53909531,Motorways and dual carriageways
2018-02-01,motorway_dual,24,22.36724176,22.36724176,False,23.56468289,23.56468289,Motorways and dual carriageways
2018-03-01,motorway_dual,20,24.70013294,24.70013294,False,25.8651967,25.8651967,Motorways and dual carriageways
2018-04-01,motorway_dual,20,23.89435696,23.89435696,False,23.29793151,23.29793151,Motorways and dual carriageways
2018-05-01,motorway_dual,26,25.01004678,25.01004678,False,23.87556618,23.87556618,Motorways and dual carriageways
2018-06-01,motorway_dual,33,28.32612485,28.32612485,False,28.0473721,28.0473721,Motorways and dual carriageways
2018-07-01,motorway_dual,34,33.6748259,33.6748259,False,34.20880853,34.20880853,Motorways and dual carriageways
2018-08-01,motorway_dual,33,31.65907928,31.65907928,False,32.02663313,32.02663313,Motorways and dual carriageways
2018-09-01,motorway_dual,30,28.90224934,28.90224934,False,27.91900884,27.91900884,Motorways and dual carriageways
2018-10-01,motorway_dual,22,29.37654266,29.37654266,False,30.42209239,30.42209239,Motorways and dual carriageways
2018-11-01,motorway_dual,20,24.45574944,24.45574944,False,25.41592529,25.41592529,Motorways and dual carriageways
2018-12-01,motorway_dual,33,27.21257938,27.21257938,False,26.89210277,26.89210277,Motorways and dual carriageways
2019-01-01,motorway_dual,17,22.4947582,22.4947582,False,22.7254015,22.7254015,Motorways and dual carriageways
2019-02-01,motorway_dual,17,24.21782958,24.21782958,True,24.91752948,24.91752948,Motorways and dual carriageways
2019-03-01,motorway_dual,32,26.74373606,26.74373606,True,27.35011561,27.35011561,Motorways and dual carriageways
2019-04-01,motorway_dual,24,25.87129298,25.87129298,True,24.63546393,24.63546393,Motorways and dual carriageways
2019-05-01,motorway_dual,26,27.0792911,27.0792911,True,25.24626056,25.24626056,Motorways and dual carriageways
2019-06-01,motorway_dual,28,30.66972994,30.66972994,True,29.65756953,29.65756953,Motorways and dual carriageways
2019-07-01,motorway_dual,40,36.46096392,36.46096392,True,36.17273354,36.17273354,Motorways and dual carriageways
2019-08-01,motorway_dual,33,34.27844143,34.27844143,True,33.86527962,33.86527962,Motorways and dual carriageways
2019-09-01,motorway_dual,32,31.29352097,31.29352097,True,29.52183695,29.52183695,Motorways and dual carriageways
2019-10-01,motorway_dual,31,31.80705567,31.80705567,True,32.16862233,32.16862233,Motorways and dual carriageways
2019-11-01,motorway_dual,27,26.47913313,26.47913313,True,26.87505156,26.87505156,Motorways and dual carriageways
2019-12-01,motorway_dual,36,29.46405359,29.46405359,True,28.43597628,28.43597628,Motorways and dual carriageways
2020-01-01,motorway_dual,24,24.35589629,24.35589629,True,24.03006501,24.03006501,Motorways and dual carriageways
2020-02-01,motorway_dual,18,24.25812022,24.25812022,True,25.1234956,25.1234956,Motorways and dual carriageways
2020-03-01,motorway_dual,23,13.0854363,13.0854363,True,,,Motorways and dual carriageways
2020-04-01,motorway_dual,9,12.65855883,12.65855883,True,,,Motorways and dual carriageways
2020-05-01,motorway_dual,13,13.24961995,13.24961995,True,,,Motorways and dual carriageways
2020-06-01,motorway_dual,9,15.00638492,15.00638492,True,,,Motorways and dual carriageways
2020-07-01,motorway_dual,27,30.23511693,30.23511693,True,,,Motorways and dual carriageways
2020-08-01,motorway_dual,30,28.42526838,28.42526838,True,,,Motorways and dual carriageways
2020-09-01,motorway_dual,21,25.95003434,25.95003434,True,,,Motorways and dual carriageways
2020-10-01,motorway_dual,18,26.37588106,26.37588106,True,,,Motorways and dual carriageways
2020-11-01,motorway_dual,15,21.95772136,21.95772136,True,,,Motorways and dual carriageways
2020-12-01,motorway_dual,18,24.43295541,24.43295541,True,,,Motorways and dual carriageways
2021-01-01,motorway_dual,18,20.19703522,20.19703522,True,,,Motorways and dual carriageways
2021-02-01,motorway_dual,14,20.11595478,20.11595478,True,,,Motorways and dual carriageways
2021-03-01,motorway_dual,25,22.21403795,22.21403795,True,,,Motorways and dual carriageways
2021-04-01,motorway_dual,21,21.48936419,21.48936419,True,,,Motorways and dual carriageways
2021-05-01,motorway_dual,27,22.49275862,22.49275862,True,,,Motorways and dual carriageways
2021-06-01,motorway_dual,35,25.47506987,25.47506987,True,,,Motorways and dual carriageways
2021-07-01,motorway_dual,32,30.28541839,30.28541839,True,,,Motorways and dual carriageways
2021-08-01,motorway_dual,30,28.47255884,28.47255884,True,,,Motorways and dual carriageways
2021-09-01,motorway_dual,35,25.99320681,25.99320681,True,,,Motorways and dual carriageways
2021-10-01,motorway_dual,31,26.419762,26.419762,True,,,Motorways and dual carriageways
2021-11-01,motorway_dual,22,21.99425191,21.99425191,True,,,Motorways and dual carriageways
2021-12-01,motorway_dual,28,24.47360395,24.47360395,True,,,Motorways and dual carriageways
2022-01-01,motorway_dual,39,24.43700438,24.43700438,True,,,Motorways and dual carriageways
2022-02-01,motorway_dual,28,24.3389027,24.3389027,True,,,Motorways and dual carriageways
2022-03-01,motorway_dual,23,26.87743705,26.87743705,True,,,Motorways and dual carriageways
2022-04-01,motorway_dual,25,26.00063233,26.00063233,True,,,Motorways and dual carriageways
2022-05-01,motorway_dual,28,27.21466963,27.21466963,True,,,Motorways and dual carriageways
2022-06-01,motorway_dual,34,30.8230583,30.8230583,True,,,Motorways and dual carriageways
2022-07-01,motorway_dual,35,36.64324461,36.64324461,True,,,Motorways and dual carriageways
2022-08-01,motorway_dual,24,34.44981096,34.44981096,True,,,Motorways and dual carriageways
2022-09-01,motorway_dual,33,31.44996787,31.44996787,True,,,Motorways and dual carriageways
2022-10-01,motorway_dual,25,31.9660699,31.9660699,True,,,Motorways and dual carriageways
2022-11-01,motorway_dual,30,26.61151127,26.61151127,True,,,Motorways and dual carriageways
2022-12-01,motorway_dual,26,29.61135436,29.61135436,True,,,Motorways and dual carriageways
2023-01-01,motorway_dual,20,24.47765966,24.47765966,True,,,Motorways and dual carriageways
2023-02-01,motorway_dual,25,24.37939477,24.37939477,True,,,Motorways and dual carriageways
2023-03-01,motorway_dual,23,26.92215242,26.92215242,True,,,Motorways and dual carriageways
2023-04-01,motorway_dual,31,26.04388897,26.04388897,True,,,Motorways and dual carriageways
2023-05-01,motorway_dual,22,27.25994605,27.25994605,True,,,Motorways and dual carriageways
2023-06-01,motorway_dual,28,30.8743379,30.8743379,True,,,Motorways and dual carriageways
2023-07-01,motorway_dual,37,36.70420713,36.70420713,True,,,Motorways and dual carriageways
2023-08-01,motorway_dual,40,34.50712431,34.50712431,True,,,Motorways and dual carriageways
2023-09-01,motorway_dual,39,31.50229045,31.50229045,True,,,Motorways and dual carriageways
2023-10-01,motorway_dual,28,32.01925111,32.01925111,True,,,Motorways and dual carriageways
2023-11-01,motorway_dual,28,26.65578423,26.65578423,True,,,Motorways and dual carriageways
2023-12-01,motorway_dual,25,29.66061808,29.66061808,True,,,Motorways and dual carriageways
2024-01-01,motorway_dual,22,24.51838257,24.51838257,True,,,Motorways and dual carriageways
2024-02-01,motorway_dual,27,24.4199542,24.4199542,True,,,Motorways and dual carriageways
2024-03-01,motorway_dual,34,26.96694217,26.96694217,True,,,Motorways and dual carriageways
2024-04-01,motorway_dual,27,26.08721759,26.08721759,True,,,Motorways and dual carriageways
2024-05-01,motorway_dual,28,27.30529779,27.30529779,True,,,Motorways and dual carriageways
2024-06-01,motorway_dual,41,30.92570282,30.92570282,True,,,Motorways and dual carriageways
2024-07-01,motorway_dual,33,36.76527106,36.76527106,True,,,Motorways and dual carriageways
2024-08-01,motorway_dual,36,34.56453301,34.56453301,True,,,Motorways and dual carriageways
2024-09-01,motorway_dual,30,31.55470008,31.55470008,True,,,Motorways and dual carriageways
2024-10-01,motorway_dual,30,32.0725208,32.0725208,True,,,Motorways and dual carriageways
2024-11-01,motorway_dual,26,26.70013083,26.70013083,True,,,Motorways and dual carriageways
2024-12-01,motorway_dual,28,29.70996376,29.70996376,True,,,Motorways and dual carriageways
