year,road_type,road_type_label,totals_source,speed_crashes,speed_deaths,other_crashes,other_deaths,share_of_crashes,share_of_deaths,speed_deaths_per_100,speed_low,speed_high,other_deaths_per_100,other_low,other_high,rate_ratio,ratio_low,ratio_high
2014,all,All roads,report,6295,317,56767,1063,0.09982239701,0.2297101449,5.035742653,4.496591318,5.621738937,1.872566808,1.761675484,1.988609418,2.689219221,2.372214251,3.048586364
2014,interurban,All interurban roads,report,4766,266,20832,799,0.1861864208,0.2497652582,5.581200168,4.930578831,6.293798929,3.835445469,3.574076686,4.11087338,1.455163478,1.2666505,1.671732453
2014,urban,Urban streets,report,1529,51,35935,264,0.04081251335,0.1619047619,3.335513407,2.483508819,4.385584132,0.7346598024,0.6487041179,0.8288360711,4.540214935,3.364182271,6.127358745
2015,all,All roads,report,5896,296,62024,1035,0.08680800942,0.2223891811,5.020352782,4.46466105,5.62609158,1.668708887,1.568582508,1.773550587,3.008525226,2.6439191,3.423411873
2015,interurban,All interurban roads,report,4340,251,20189,757,0.1769334257,0.2490079365,5.783410138,5.090001323,6.544919863,3.749566596,3.487184019,4.02646072,1.542420968,1.337226251,1.779102407
2015,urban,Urban streets,report,1556,45,41835,278,0.03585997096,0.1393188854,2.892030848,2.109467146,3.869764813,0.664515358,0.5886890967,0.747399244,4.352090307,3.176314071,5.963103653
2016,all,All roads,report,6634,332,63868,1140,0.09409662137,0.2255434783,5.004522159,4.480617066,5.572859766,1.784931421,1.682808581,1.891631211,2.80376159,2.481172364,3.168292202
2016,interurban,All interurban roads,report,4955,271,20783,798,0.1925169011,0.2535079514,5.469223007,4.83738164,6.160666747,3.839676659,3.577858533,4.115587163,1.424396764,1.241037697,1.634846505
2016,urban,Urban streets,report,1679,61,43085,342,0.03750781878,0.1513647643,3.633114949,2.77904506,4.666888143,0.7937797377,0.711872249,0.8825269015,4.576981216,3.485564149,6.010148188
2016,motorway,Motorways,microdata,205,3,1463,44,0.1229016787,0.06382978723,1.463414634,0.3017912795,4.276718571,3.007518797,2.185267762,4.037453608,0.4865853659,0.1510915416,1.567032249
2016,dual_carriageway,Dual carriageways,microdata,1008,37,5256,175,0.1609195402,0.1745283019,3.670634921,2.584465731,5.05948672,3.329528158,2.854487458,3.86102889,1.10244898,0.773280965,1.571736287
2016,other_interurban,Other interurban roads,microdata,3742,231,14064,579,0.2101538807,0.2851851852,6.173169428,5.402706803,7.022684684,4.116894198,3.788344034,4.466311725,1.49947245,1.287351282,1.74654553
2017,all,All roads,report,6507,414,63951,1082,0.09235289108,0.2767379679,6.362378976,5.764193456,7.005779214,1.691920377,1.592597012,1.795815941,3.760448225,3.357753075,4.211438583
2017,interurban,All interurban roads,report,4902,340,21624,758,0.184799819,0.3096539162,6.935944512,6.218203237,7.713804659,3.50536441,3.260229242,3.764048011,1.978665754,1.741056183,2.248702944
2017,urban,Urban streets,report,1605,74,42327,324,0.03653373395,0.1859296482,4.6105919,3.620306308,5.788175919,0.7654688497,0.6843790921,0.8535241419,6.02322603,4.679072067,7.75351422
2017,motorway,Motorways,microdata,223,15,1703,38,0.1157840083,0.2830188679,6.726457399,3.764747145,11.09426855,2.23135643,1.579040613,3.062711035,3.014514987,1.658289495,5.479924122
2017,dual_carriageway,Dual carriageways,microdata,906,37,5449,157,0.1425649095,0.1907216495,4.08388521,2.875432071,5.629097808,2.881262617,2.448195015,3.368864435,1.4173943,0.9906863563,2.02789368
2017,other_interurban,Other interurban roads,microdata,3773,288,14472,563,0.2067963826,0.3384253819,7.633183143,6.776977214,8.567617184,3.890270868,3.575518201,4.225306519,1.962121251,1.70239253,2.261475974
2018,all,All roads,report,6604,329,64036,1102,0.09348810872,0.2299091544,4.981829194,4.457993546,5.550302844,1.72090699,1.620789166,1.825590524,2.894885792,2.559498465,3.274221049
2018,interurban,All interurban roads,report,5221,281,21560,779,0.1949516448,0.2650943396,5.382110707,4.771158361,6.049608705,3.613172542,3.363866003,3.876065515,1.489580319,1.299663625,1.707249078
2018,urban,Urban streets,report,1383,48,42476,323,0.03153286669,0.1293800539,3.470715835,2.559031874,4.601665668,0.760429419,0.6797524201,0.8480477134,4.564152502,3.370442486,6.180638936
2018,motorway,Motorways,microdata,285,12,1581,37,0.152733119,0.2448979592,4.210526316,2.175640389,7.354942122,2.340290955,1.647780808,3.225782805,1.799146515,0.9381944708,3.450167617
2018,dual_carriageway,Dual carriageways,microdata,1133,29,5752,170,0.1645606391,0.1457286432,2.559576346,1.71418845,3.675978591,2.955493741,2.527905441,3.434691827,0.8660401848,0.5841475258,1.283966068
2018,other_interurban,Other interurban roads,microdata,3803,240,14227,572,0.2109262341,0.2955665025,6.310807257,5.537584225,7.161783472,4.020524355,3.697748651,4.363930067,1.569647812,1.350011846,1.825016766
2019,all,All roads,report,6049,317,66603,1069,0.08325992402,0.2287157287,5.240535626,4.679458149,5.850363135,1.605032806,1.510247612,1.704208414,3.265064493,2.880411889,3.701083926
2019,interurban,All interurban roads,report,4669,257,21990,736,0.1751378521,0.2588116818,5.504390662,4.851938166,6.220130097,3.346975898,3.109508446,3.59776866,1.644586286,1.426864535,1.895529663
2019,urban,Urban streets,report,1380,60,44613,333,0.03000456591,0.1526717557,4.347826087,3.317849344,5.596514015,0.7464192052,0.6683934717,0.8310519222,5.824911868,4.424961888,7.667771867
2019,motorway,Motorways,microdata,189,8,1490,45,0.1125670042,0.1509433962,4.232804233,1.827424432,8.340311757,3.020134228,2.20290663,4.041177215,1.401528513,0.6606930704,2.973063075
2019,dual_carriageway,Dual carriageways,microdata,927,37,5766,163,0.1385029135,0.185,3.991370011,2.810292834,5.501577793,2.826916407,2.409591427,3.29575288,1.411916533,0.9881014008,2.017513884
2019,other_interurban,Other interurban roads,microdata,3553,212,14734,528,0.1942910264,0.2864864865,5.966788629,5.190574838,6.826338131,3.583548256,3.284362435,3.902665413,1.665050448,1.419770897,1.952704483
2020,all,All roads,report,4578,278,46796,846,0.08911122358,0.2473309609,6.072520751,5.379599904,6.82993608,1.807846825,1.68806162,1.933888613,3.358979682,2.933341267,3.846379768
2020,interurban,All interurban roads,report,3599,221,15810,605,0.18542944,0.2675544794,6.14059461,5.357639396,7.00578273,3.826691967,3.527800693,4.14414056,1.604674393,1.375572417,1.871933368
2020,urban,Urban streets,report,979,57,30986,241,0.03062724855,0.1912751678,5.82226762,4.409728638,7.543423024,0.7777706061,0.6826667349,0.8824169312,7.485841679,5.608805254,9.991044994
2020,motorway,Motorways,microdata,158,12,954,36,0.1420863309,0.25,7.594936709,3.924414626,13.26682598,3.773584906,2.642972476,5.224232127,2.012658228,1.047215798,3.868155111
2020,dual_carriageway,Dual carriageways,microdata,676,24,3550,112,0.1599621391,0.1764705882,3.550295858,2.274741547,5.282558816,3.154929577,2.597759254,3.796200093,1.125316991,0.724120485,1.748795064
2020,other_interurban,Other interurban roads,microdata,2765,185,11306,457,0.1965034468,0.2881619938,6.690777577,5.761338913,7.727469649,4.042101539,3.679955775,4.43024972,1.655272019,1.39538692,1.963559655
2021,all,All roads,report,5034,276,58474,958,0.07926560433,0.2236628849,5.482717521,4.854904292,6.169187206,1.638334986,1.536218942,1.745454657,3.346517999,2.927135102,3.825987639
2021,interurban,All interurban roads,report,3770,229,19107,690,0.1647943349,0.2491838955,6.074270557,5.31295946,6.914054456,3.611241953,3.346781581,3.891044383,1.682044747,1.448512092,1.953228106
2021,urban,Urban streets,report,1264,47,39367,268,0.03110925156,0.1492063492,3.71835443,2.732106975,4.944623128,0.6807732365,0.6017004131,0.7673488506,5.46195742,4.006269501,7.44657314
2021,motorway,Motorways,microdata,137,8,1283,36,0.09647887324,0.1818181818,5.839416058,2.521045384,11.50597753,2.805923617,1.965234405,3.88458102,2.081103001,0.9673555946,4.477143384
2021,dual_carriageway,Dual carriageways,microdata,696,23,4826,179,0.1260412894,0.1138613861,3.304597701,2.094831471,4.958519094,3.709075839,3.185600485,4.294025012,0.8909490785,0.577173974,1.375305014
2021,other_interurban,Other interurban roads,microdata,2937,198,12998,475,0.1843112645,0.294205052,6.741573034,5.835201869,7.74883646,3.654408371,3.333116415,3.998311255,1.844778238,1.562929967,2.177453128
2022,all,All roads,report,4716,342,65683,1085,0.06698958792,0.23966363,7.251908397,6.503608111,8.06269541,1.651873392,1.555033103,1.753165254,4.390111514,3.887673908,4.957483461
2022,interurban,All interurban roads,report,3411,271,20324,795,0.143711818,0.2542213884,7.944884198,7.027037826,8.949312147,3.911631569,3.644413113,4.193260986,2.031092157,1.769518085,2.331332685
2022,urban,Urban streets,report,1305,71,45359,290,0.02796588376,0.1966759003,5.440613027,4.249163912,6.862593035,0.6393439009,0.5678697168,0.7173247337,8.509681596,6.564543182,11.03118357
2022,motorway,Motorways,microdata,139,15,1546,42,0.0824925816,0.2631578947,10.79136691,6.039846139,17.79871861,2.716688228,1.957949918,3.672173272,3.972250771,2.202934221,7.162617946
2022,dual_carriageway,Dual carriageways,microdata,669,35,4995,187,0.1181144068,0.1576576577,5.231689088,3.644063139,7.27601306,3.743743744,3.226371277,4.320479159,1.397448502,0.9740225761,2.00494564
2022,other_interurban,Other interurban roads,microdata,2603,221,13783,566,0.1588551202,0.2808132147,8.490203611,7.407662,9.686443352,4.106508017,3.775123239,4.459188922,2.067499583,1.769815834,2.41525386
2023,all,All roads,report,5070,319,68179,1143,0.06921596199,0.2181942544,6.291913215,5.62032515,7.021661432,1.676469294,1.580676105,1.776549975,3.753073938,3.315028458,4.249002432
2023,interurban,All interurban roads,report,3580,258,21473,809,0.1428970582,0.2417994377,7.206703911,6.354075503,8.14186726,3.767522004,3.512345755,4.036336707,1.912849853,1.66272752,2.200597821
2023,urban,Urban streets,report,1490,61,46706,334,0.03091542867,0.1544303797,4.093959732,3.131554803,5.258862545,0.7151115488,0.6404673995,0.7960664386,5.724924647,4.35762104,7.521251141
2023,motorway,Motorways,microdata,163,6,1675,47,0.08868335147,0.1132075472,3.680981595,1.35085537,8.011947253,2.805970149,2.061721323,3.731345453,1.311839185,0.5608724415,3.068294894
2023,dual_carriageway,Dual carriageways,microdata,653,41,5320,178,0.1093252972,0.1872146119,6.278713629,4.505713303,8.517784007,3.345864662,2.872377125,3.875121505,1.876559354,1.336317553,2.635208228
2023,other_interurban,Other interurban roads,microdata,2764,211,14478,584,0.160306229,0.265408805,7.633863965,6.638514304,8.736343645,4.033706313,3.713147395,4.374534698,1.892518536,1.616849926,2.21518791
